{
    "keyframes": [
        {
            "time": 0,
            "position": [
                3.6655199527740479,
                -0.5605398416519165,
                4.9760031700134277
            ],
            "rotation": [
                0.16399559378623962,
                0.33071330189704895,
                -0.058472990989685059,
                0.92753195762634277
            ]
        },
        {
            "time": 2147483637,
            "position": [
                0.0,
                9.9999997473787516e-6,
                0.0
            ],
            "rotation": [
                0.0,
                0.0,
                0.0,
                1.0
            ]
        }
    ]
}