{
    "keyframes": [
        {
            "time": 0.0,
            "position": [
                0.0,
                0.0,
                0.0
            ],
            "rotation": [
                0.0,
                0.0,
                0.0,
                1.0
            ]
        },
        {
            "time": 3574.0,
            "position": [
                0.0,
                2.4962894916534424,
                8.2530498504638672
            ],
            "rotation": [
                -0.25095787644386292,
                -0.051132991909980774,
                -0.19299039244651794,
                0.9471856951713562
            ]
        },
        {
            "time": 2147483637.0,
            "position": [
                0.0,
                9.9999997473787516e-6,
                0.0
            ],
            "rotation": [
                0.0,
                0.0,
                0.0,
                1.0
            ]
        }
    ]
}