{
    "keyframes": [
        {
            "time": 0,
            "position": [
                0.0,
                0.0,
                0.0
            ],
            "rotation": [
                0.0,
                0.0,
                0.0,
                1.0
            ]
        },
        {
            "time": 7750,
            "position": [
                -2.7614080905914307,
                1.1010686159133911,
                9.1100006103515625
            ],
            "rotation": [
                0.0,
                0.0,
                -0.37463220953941345,
                0.92717361450195312
            ]
        },
        {
            "time": 10216,
            "position": [
                -2.783484935760498,
                0.83517634868621826,
                -4.1343178749084473
            ],
            "rotation": [
                -0.090756833553314209,
                -0.94874477386474609,
                -0.063756778836250305,
                0.29594278335571289
            ]
        },
        {
            "time": 2147483637,
            "position": [
                0.0,
                9.9999997473787516e-6,
                0.0
            ],
            "rotation": [
                0.0,
                0.0,
                0.0,
                1.0
            ]
        }
    ]
}