{
    "keyframes": [
        {
            "time": 0,
            "position": [
                -0.30254864692687988,
                98.662551879882812,
                -0.24404644966125488
            ],
            "rotation": [
                -0.58473056554794312,
                0.42172250151634216,
                0.396412193775177,
                0.56841641664505005
            ]
        },
        {
            "time": 3000,
            "position": [
                -0.64907288551330566,
                -71.396492004394531,
                -0.22932076454162598
            ],
            "rotation": [
                -0.58473056554794312,
                0.42172250151634216,
                0.396412193775177,
                0.56841641664505005
            ]
        },
        {
            "time": 2147483637,
            "position": [
                0.0,
                9.9999997473787516e-6,
                0.0
            ],
            "rotation": [
                0.0,
                0.0,
                0.0,
                1.0
            ]
        }
    ]
}