{
    "keyframes": [
        {
            "time": 0,
            "position": [
                -30.941375732421875,
                12.420407295227051,
                65.865615844726562
            ],
            "rotation": [
                -0.12143555283546448,
                -0.380634605884552,
                -0.051223888993263245,
                0.9152824878692627
            ]
        },
        {
            "time": 4270,
            "position": [
                -12.778970718383789,
                5.3915448188781738,
                38.817134857177734
            ],
            "rotation": [
                -0.086278408765792847,
                -0.29899710416793823,
                -0.010190936736762524,
                0.95028895139694214
            ]
        },
        {
            "time": 13804,
            "position": [
                0.48055097460746765,
                1.4722763299942017,
                8.0371389389038086
            ],
            "rotation": [
                -0.10364289581775665,
                0.021808566525578499,
                -0.016715532168745995,
                0.99423342943191528
            ]
        },
        {
            "time": 2147483637,
            "position": [
                0.0,
                9.9999997473787516e-6,
                0.0
            ],
            "rotation": [
                0.0,
                0.0,
                0.0,
                1.0
            ]
        }
    ]
}