{
    "keyframes": [
        {
            "time": 0,
            "position": [
                0.0,
                0.0,
                6.445000171661377
            ],
            "rotation": [
                -0.10779015719890594,
                0.0,
                0.0,
                0.99417382478713989
            ]
        },
        {
            "time": 2147483637,
            "position": [
                0.0,
                9.9999997473787516e-6,
                0.0
            ],
            "rotation": [
                0.0,
                0.0,
                0.0,
                1.0
            ]
        }
    ]
}