{
    "keyframes": [
        {
            "time": 0,
            "position": [
                0.0,
                7.6000032424926758,
                0.0
            ],
            "rotation": [
                0.0,
                0.0,
                0.0,
                1.0
            ]
        },
        {
            "time": 2147483637,
            "position": [
                0.0,
                9.9999997473787516e-6,
                0.0
            ],
            "rotation": [
                0.0,
                0.0,
                0.0,
                1.0
            ]
        }
    ]
}