{
    "keyframes": [
        {
            "time": 0,
            "position": [
                5.6845889091491699,
                -0.61272847652435303,
                19.069784164428711
            ],
            "rotation": [
                0.38848957419395447,
                0.047551665455102921,
                -0.043022822588682175,
                0.91921901702880859
            ]
        },
        {
            "time": 2147483637,
            "position": [
                0.0,
                9.9999997473787516e-6,
                0.0
            ],
            "rotation": [
                0.0,
                0.0,
                0.0,
                1.0
            ]
        }
    ]
}