{
    "keyframes": [
        {
            "time": 0,
            "position": [
                -19.52227783203125,
                15.885790824890137,
                10.965263366699219
            ],
            "rotation": [
                -0.26210811734199524,
                0.42891192436218262,
                0.082882583141326904,
                0.86050248146057129
            ]
        },
        {
            "time": 2147483637,
            "position": [
                0.0,
                9.9999997473787516e-6,
                0.0
            ],
            "rotation": [
                0.0,
                0.0,
                0.0,
                1.0
            ]
        }
    ]
}