{
    "keyframes": [
        {
            "time": 0,
            "position": [
                -13.967618942260742,
                7.1425638198852539,
                5.2315769195556641
            ],
            "rotation": [
                -0.20226365327835083,
                -0.46968868374824524,
                -0.10248483717441559,
                0.85321640968322754
            ]
        },
        {
            "time": 2147483637,
            "position": [
                0.0,
                9.9999997473787516e-6,
                0.0
            ],
            "rotation": [
                0.0,
                0.0,
                0.0,
                1.0
            ]
        }
    ]
}