{
    "keyframes": [
        {
            "time": 0,
            "position": [
                0.0,
                5.3867504207216754e-11,
                9.6000003814697266
            ],
            "rotation": [
                0.0,
                0.0,
                0.0,
                1.0
            ]
        },
        {
            "time": 2147483637,
            "position": [
                0.0,
                9.9999997473787516e-06,
                0.0
            ],
            "rotation": [
                0.0,
                0.0,
                0.0,
                1.0
            ]
        }
    ]
}